identifier,id,formula,task,metal,ΔE [eV],V [Å³],p [µV/K],n [µV/K],v [µV/K],T [K],c [1/µm³],v [µV/K],T [K],c [1/µm³],p [1/fΩ/m/s],n [1/fΩ/m/s],p [GW/K²/m/s],n [GW/K²/m/s],v [1/fΩ/m/s],T [K],c [1/µm³],v [1/fΩ/m/s],T [K],c [1/µm³],v [GW/K²/m/s],T [K],c [1/µm³],v [GW/K²/m/s],T [K],c [1/µm³],p [GW/K/m/s],n [GW/K/m/s],v [GW/K/m/s],T [K],c [1/µm³],v [GW/K/m/s],T [K],c [1/µm³],functional,ε̄ [mₑ],ε₁ [mₑ],ε₂ [mₑ],ε₃ [mₑ],ε̄ [mₑ],ε₁ [mₑ],ε₂ [mₑ],ε₃ [mₑ]
mp-623511,5f8a3d9183a19cc44d02243e,Sn,mp-942243,Yes,0.0,28.2906,-1.29151,-1.29267,-0.0826882,100.0,100000000.0,-5.50278,1300.0,100000000.0,2276300.0,2276340.0,4.28861,4.29802,2285270.0,1300.0,10000.0,2287300.0,1300.0,100000000.0,70.1532,1300.0,10000.0,70.1533,1300.0,10000.0,16755800.0,16756000.0,5544040.0,100.0,100000000.0,5572520.0,100.0,10000.0,GGA,,,,,,,,
mp-1992,5f8a3d9283a19cc44d022447,Pu5Ru3,mp-942015,Yes,0.0,332.023,2.81969,2.82049,17.6172,1300.0,100000000.0,-4.97892,100.0,100000000.0,16269.7,16269.7,0.223802,0.223805,16446.4,100.0,10000.0,16459.7,100.0,100000000.0,5.30686,1300.0,100000000.0,5.30471,1300.0,100000000.0,113315.0,113313.0,40212.8,100.0,100000000.0,40227.2,100.0,10000.0,GGA,,,,,,,,
mp-27502,5f8a3d9283a19cc44d022450,CNCl,mp-670711,No,5.8354,144.673,770.127,-480.064,1329.54,1300.0,10000.0,-1154.69,1300.0,10000.0,4.76503,32.0025,2.78919,7.41253,620.242,100.0,100000000.0,3115.85,200.0,100000000.0,85.4726,700.0,100000000.0,674.017,700.0,100000000.0,31.1449,180.463,0.115823,100.0,10000.0,0.612327,100.0,10000.0,GGA,9.94865,3.4816,5.83596,20.5284,0.990398,0.581862,1.08479,1.30454
mp-770629,5f8a3d9383a19cc44d022459,Li2AlFeO4,mp-811645,No,3.0927,350.609,747.876,-558.917,1282.63,1100.0,10000.0,-1187.73,1100.0,10000.0,3.05904,12.4541,1.71359,3.97474,553.619,100.0,100000000.0,1322.01,100.0,100000000.0,37.3917,300.0,100000000.0,158.264,400.0,100000000.0,12.2457,65.8128,0.117092,500.0,10000.0,0.252957,100.0,10000.0,GGA+U,10.0164,7.15781,8.63392,14.2576,3.74659,1.07791,4.53983,5.62202
mp-27202,5f8a3d9483a19cc44d022462,B9H8S,mp-860107,No,4.15691,841.505,752.46,-777.549,1278.37,1000.0,10000.0,-1229.5,1300.0,10000.0,1.23264,1.47905,0.703159,0.894912,257.58,100.0,100000000.0,470.361,100.0,100000000.0,20.9779,100.0,100000000.0,58.3504,200.0,100000000.0,2.4131,3.43776,0.0118231,300.0,10000.0,0.0330076,600.0,10000.0,GGA,25.7424,17.8221,20.1416,39.2636,19.8245,15.837,18.1605,25.4761
mp-559608,5f8a3d9583a19cc44d02246b,K3NdSi7O17,mp-735337,No,4.71649,1688.99,776.654,-415.395,1297.85,1300.0,10000.0,-963.939,1300.0,10000.0,0.368087,57.221,0.218903,9.88236,96.144,100.0,100000000.0,6287.52,100.0,100000000.0,8.30877,100.0,100000000.0,1063.6,900.0,100000000.0,0.881848,287.617,0.00697434,200.0,10000.0,0.805625,100.0,10000.0,GGA,91.3712,61.3892,61.3893,151.335,0.492688,0.485241,0.485241,0.507582
mp-753943,5f8a3d9683a19cc44d022474,Li2FeS2,mp-899393,Yes,0.0,81.2844,-58.6814,-58.7226,5.49534,1300.0,100000000.0,-65.7226,200.0,100000000.0,12021.4,12026.7,50.6393,50.7167,23479.3,1300.0,100000000.0,23453.8,1300.0,10000.0,52.305,200.0,10000.0,52.7231,200.0,100000000.0,123032.0,123012.0,27891.1,100.0,100000000.0,28602.9,100.0,10000.0,GGA,0.00234904,0.00227161,0.00227161,0.00250389,0.00234796,0.00227093,0.00227094,0.00250201
mp-755789,5f8a3d9783a19cc44d02247d,Na2Be2O3,mp-843968,No,3.0643,196.604,728.991,-414.952,1402.17,1000.0,10000.0,-999.138,1300.0,10000.0,12.3284,51.399,7.47673,8.85296,1311.45,100.0,100000000.0,5097.04,200.0,100000000.0,198.649,700.0,100000000.0,1993.29,900.0,100000000.0,41.1541,288.671,0.179975,100.0,10000.0,0.948803,100.0,10000.0,GGA,2186.12,0.765132,186.112,6371.48,0.556754,0.48139,0.538433,0.65044
mp-19171,5f8a3d9883a19cc44d022486,Y(FeO2)2,mp-922737,Yes,0.0,90.483,16.3612,16.3281,18.2051,400.0,100000000.0,-26.4143,1300.0,100000000.0,86129.1,86135.0,0.50334,0.504629,86132.0,300.0,10000.0,86455.8,300.0,100000000.0,11.3246,1300.0,100000000.0,11.3703,1300.0,100000000.0,628127.0,628097.0,222616.0,100.0,100000000.0,228616.0,100.0,100000000.0,GGA+U,,,,,,,,
mp-769834,5f8a3d9883a19cc44d02248f,Eu2Mn2O7,mp-899530,Yes,0.0,262.284,-22.9459,-22.9342,-1.23335,1300.0,10000.0,-22.94,300.0,10000.0,22167.0,22170.4,11.6712,11.6611,22498.3,200.0,10000.0,22731.2,200.0,100000000.0,12.1557,300.0,100000000.0,12.3421,300.0,100000000.0,144074.0,144074.0,56515.5,100.0,100000000.0,57061.8,100.0,10000.0,GGA+U,0.00127123,0.00127123,0.00127123,0.00127123,0.00127104,0.00127104,0.00127104,0.00127104
mp-583221,5f8a3e77ac838c35c1892cad,Ba7B4Se13,mp-846846,No,2.1191,1453.34,678.881,-605.244,1184.07,800.0,10000.0,-1085.76,800.0,10000.0,3.45401,10.4395,1.5903,3.86091,753.337,100.0,100000000.0,1394.1,100.0,100000000.0,26.9846,200.0,100000000.0,93.9416,600.0,100000000.0,10.3482,38.9033,0.09537,200.0,10000.0,0.325323,100.0,10000.0,GGA,9.96191,4.87064,10.9555,14.0597,3.22599,1.6398,3.66303,4.37514
mp-569594,5f8a3e77bab262f42dde67b6,Fe7Mo6,mp-943792,Yes,0.0,168.794,-15.3325,-15.3399,3.14871,100.0,100000000.0,,,,65169.6,65171.2,17.6288,17.6457,93396.0,1300.0,10000.0,,,,114.308,900.0,10000.0,,,,582879.0,582900.0,152462.0,100.0,100000000.0,,,,GGA,,,,,,,,
mp-31746,5f8a3e775f7a6814fc2df372,Li3Cr(PO4)2,mp-823416,No,1.9816,665.962,684.163,-672.622,1119.74,700.0,10000.0,-1078.85,600.0,10000.0,0.618841,0.218836,0.287584,0.100202,141.647,100.0,100000000.0,63.434,100.0,100000000.0,8.38827,100.0,100000000.0,4.18902,100.0,100000000.0,0.392811,0.0461518,0.00388913,300.0,10000.0,0.000177548,500.0,10000.0,GGA+U,56.5656,26.7537,61.8078,81.1353,1192.61,70.4097,113.633,3393.78
mp-772876,5f8a3e78bab262f42dde67bf,BaSr2I6,mp-861757,No,3.9536,1849.57,657.048,-531.103,1245.86,1300.0,10000.0,,,,5.67511,32.0655,2.41616,9.1233,1189.13,100.0,100000000.0,,,,36.2014,300.0,100000000.0,,,,22.3818,168.646,0.160171,900.0,10000.0,,,,GGA,9.11462,2.37826,8.02004,16.9456,0.913308,0.684033,0.970154,1.08574
mp-13453,5f8a3e78ac838c35c1892cb6,BePd3,mp-920458,Yes,0.0,107.713,-13.0385,-13.0349,-9.29336,100.0,100000000.0,-38.4861,1300.0,10000.0,507666.0,507742.0,85.9565,85.92,533609.0,1300.0,10000.0,535617.0,1300.0,100000000.0,756.227,1300.0,100000000.0,762.107,1300.0,100000000.0,3660790.0,3661090.0,1238270.0,100.0,100000000.0,1241510.0,100.0,10000.0,GGA,,,,,,,,
mp-754777,5f8a3e785f7a6814fc2df37b,NaLaO2,mp-756359,No,3.9295,65.9158,741.997,-391.877,1341.02,1300.0,10000.0,-1085.06,1300.0,10000.0,15.3106,58.6417,8.4724,8.99488,2123.25,100.0,100000000.0,5264.07,300.0,100000000.0,225.237,600.0,100000000.0,1121.38,700.0,100000000.0,99.049,332.663,0.487212,100.0,10000.0,1.20891,100.0,10000.0,GGA,2.01414,1.55033,1.55033,2.94177,0.482379,0.460821,0.460822,0.525494
mp-31980,5f8a3e79bab262f42dde67c8,LiMn(PO3)4,mp-839424,No,0.553003,482.589,609.595,-677.525,961.823,200.0,10000.0,,,,7.5104,4.69469,2.83298,2.17338,766.834,200.0,100000000.0,,,,46.093,600.0,100000000.0,,,,33.8493,10.7609,0.144828,100.0,10000.0,,,,GGA,4.53564,2.99225,2.99249,7.62217,9.77042,3.27668,7.0445,18.9901
mp-776680,5f8a3e79ac838c35c1892cbf,TiMn2Ni3(PO4)6,mp-902515,Yes,0.0,432.91,22.135,22.1224,64.8106,1300.0,10000.0,-22.3171,100.0,100000000.0,5533.96,5532.5,8.51097,8.5041,5814.41,500.0,100000000.0,5749.06,500.0,10000.0,24.7057,1300.0,10000.0,24.7057,1300.0,10000.0,42068.9,42061.7,12586.1,100.0,10000.0,12158.2,100.0,100000000.0,GGA+U,,,,,,,,
mp-23475,5f8a3e795f7a6814fc2df384,Rb2PbCl6,mp-659612,No,1.254,291.04,750.71,-406.283,1189.61,500.0,10000.0,-888.157,600.0,10000.0,10.7756,51.7734,6.07278,8.54602,1215.34,100.0,100000000.0,4527.8,200.0,100000000.0,147.526,600.0,100000000.0,743.657,900.0,100000000.0,43.8551,284.215,0.205056,100.0,10000.0,1.06441,100.0,10000.0,GGA,2.6151,2.6151,2.6151,2.6151,0.544284,0.544284,0.544284,0.544284
mp-24308,5f8a3e7abab262f42dde67d1,AlSiH9C3Cl2O,mp-860634,No,5.403,1011.91,772.059,-431.703,1225.33,1300.0,10000.0,,,,1.3851,47.9734,0.779285,8.95339,205.893,100.0,100000000.0,,,,18.6323,200.0,100000000.0,,,,2.36908,245.408,0.0170093,500.0,10000.0,,,,GGA,42.1631,12.646,17.232,96.6112,0.587787,0.56902,0.58826,0.606081
mp-769856,5f8a3e7aac838c35c1892cc8,Li4Fe3NiO8,mp-899550,Yes,0.0,148.893,35.6775,35.6602,128.318,1300.0,10000.0,10.6183,100.0,100000000.0,38442.6,38438.6,18.6386,18.6046,39081.1,600.0,100000000.0,38782.0,500.0,10000.0,446.384,1300.0,10000.0,446.383,1300.0,10000.0,290809.0,290745.0,93702.1,100.0,10000.0,93314.7,100.0,100000000.0,GGA+U,0.00194961,0.000514784,0.000514785,0.00481925,0.00195113,0.000514815,0.000514815,0.00482376
mp-770427,5f8a3e7a5f7a6814fc2df38d,BaLaCl5,mp-856588,No,3.955,886.219,723.152,-880.084,1252.58,1300.0,10000.0,-1347.03,1100.0,10000.0,5.73682,0.0475962,3.04721,0.0356652,812.122,100.0,100000000.0,11.007,100.0,100000000.0,62.3593,300.0,100000000.0,0.589081,100.0,100000000.0,18.1734,0.117765,0.152111,1300.0,10000.0,0.000615684,1000.0,10000.0,GGA,13.8433,1.98951,14.7583,24.782,1416.85,289.312,770.886,3190.37
mp-975050,5f8a3e7bbab262f42dde67da,Rb3Co,mp-975099,Yes,0.0,201.028,28.3674,28.3326,35.0076,400.0,100000000.0,,,,28204.3,28200.7,22.6963,22.6377,53036.6,1300.0,10000.0,,,,41.8838,500.0,100000000.0,,,,304090.0,304095.0,58621.0,100.0,10000.0,,,,GGA,,,,,,,,
mp-777480,5f8a3e7bac838c35c1892cd1,Li2Ti3MnO8,mp-815199,No,1.4443,303.114,660.443,-661.463,1105.62,500.0,10000.0,-1122.96,500.0,10000.0,8.57652,13.6018,3.75351,6.32066,1035.82,100.0,100000000.0,1469.24,100.0,100000000.0,62.9102,400.0,100000000.0,135.338,1000.0,100000000.0,33.8993,76.7105,0.19857,100.0,10000.0,0.328905,100.0,10000.0,GGA+U,3.29151,3.09791,3.38831,3.38831,8.68474,1.42352,1.42352,23.2072
mp-653429,5f8a3e7bbab262f42dde67e3,Mn7FeCl3O10,mp-931567,No,0.942099,563.14,724.216,-408.329,1136.05,400.0,10000.0,,,,3.58695,32.5856,1.88132,5.43308,560.227,100.0,100000000.0,,,,37.9781,300.0,100000000.0,,,,11.8913,185.023,0.105433,100.0,10000.0,,,,GGA+U,,,,,,,,
mp-557592,5f8a3e7b5f7a6814fc2df396,CrAg(PS3)2,mp-664639,No,0.917405,454.616,679.033,-608.352,1098.42,400.0,10000.0,-1005.66,300.0,10000.0,7.79296,10.8822,3.64007,4.49877,1143.55,100.0,100000000.0,1260.18,100.0,100000000.0,64.6938,400.0,100000000.0,144.459,900.0,100000000.0,32.4154,47.0232,0.25572,100.0,10000.0,0.268134,100.0,10000.0,GGA,4.07763,2.57586,3.62953,6.02752,17.3177,1.32003,2.63065,48.0024
mp-764716,5f8a3e7cac838c35c1892cda,Fe2OF3,mp-801343,No,1.5138,72.811,781.07,-793.244,1192.55,400.0,10000.0,-1228.23,500.0,10000.0,3.12162,0.716179,1.82938,0.453599,324.791,100.0,100000000.0,118.386,100.0,100000000.0,46.6294,800.0,100000000.0,13.6691,200.0,100000000.0,9.8251,1.53989,0.0364906,100.0,10000.0,0.0139537,200.0,10000.0,GGA+U,7209.97,3.02274,686.789,20940.1,47.7122,29.8496,33.0192,80.2676
mp-32379,5f8a3e7cbab262f42dde67ec,Li3Ni3(PO4)4,mp-945350,Yes,0.0,608.894,6.24797,6.27499,41.551,1300.0,10000.0,,,,2620.91,2620.83,1.49883,1.49994,3006.25,100.0,100000000.0,,,,4.48848,100.0,10000.0,,,,15611.7,15612.5,6233.22,100.0,100000000.0,,,,GGA,,,,,,,,
mp-10367,5f8a3e7c5f7a6814fc2df39f,HfSbRh,mp-926410,Yes,0.0,68.3101,4.29897,4.29985,19.3921,1300.0,10000.0,-2.96611,100.0,10000.0,646247.0,646223.0,11.9434,11.9478,647417.0,300.0,100000000.0,648486.0,100.0,100000000.0,236.006,1300.0,10000.0,236.005,1300.0,10000.0,4701560.0,4701350.0,1574720.0,100.0,10000.0,1559070.0,100.0,100000000.0,GGA,,,,,,,,
mp-758957,5f8a3e7dbab262f42dde67f5,As2HPbF13,mp-853586,No,4.5547,1957.9,785.575,-531.399,1314.1,1300.0,10000.0,,,,0.178375,19.7092,0.110017,5.85646,38.7711,100.0,100000000.0,,,,3.3805,100.0,100000000.0,,,,0.783619,102.271,0.00268685,100.0,10000.0,,,,GGA,190.734,98.7009,185.78,287.721,2.01838,0.961814,1.25286,3.84045
mp-541438,5f8a3e7dac838c35c1892ce3,Rb2MnO4,mp-701472,No,0.512799,545.341,642.638,-616.882,996.426,200.0,10000.0,-961.307,200.0,10000.0,4.58402,4.75005,1.95472,1.85803,579.124,100.0,100000000.0,628.057,100.0,100000000.0,31.0728,400.0,100000000.0,29.8076,400.0,100000000.0,18.4615,19.0708,0.107004,100.0,10000.0,0.129259,100.0,10000.0,GGA+U,9.77828,2.99524,11.564,14.7756,7.11191,4.28648,5.34961,11.6996
mp-559833,5f8a3e7d5f7a6814fc2df3a8,Na2YC(OF)3,mp-692080,No,5.26099,1006.0,737.989,-454.137,1201.66,1300.0,10000.0,-1074.24,1300.0,10000.0,0.829121,39.9581,0.454054,8.33878,247.231,100.0,100000000.0,4067.66,100.0,100000000.0,16.0244,100.0,100000000.0,482.009,400.0,100000000.0,0.750535,211.797,0.00566216,400.0,10000.0,0.676041,100.0,10000.0,GGA,,,,,,,,
mp-773194,5f8a3e7ebab262f42dde67fe,Li4Mn5V3O16,mp-813027,No,0.609794,283.331,633.666,-630.357,996.017,200.0,10000.0,,,,5.05752,5.37467,2.1324,2.09902,552.773,1300.0,100000000.0,,,,44.0683,700.0,100000000.0,,,,22.5543,18.1094,0.086738,100.0,10000.0,,,,GGA+U,9.86637,2.85501,7.31559,19.4285,6.97872,3.07843,6.18502,11.6727
mp-764443,5f8a3e7eac838c35c1892cec,Li4Mn3Fe3(WO8)2,mp-800843,Yes,0.0,307.42,-4.81372,-4.80817,-1.72251,100.0,10000.0,-51.3873,1300.0,10000.0,9569.03,9569.57,5.21284,5.20703,9676.24,100.0,10000.0,9686.12,100.0,100000000.0,21.6309,1300.0,100000000.0,22.2282,1300.0,100000000.0,66478.7,66486.2,22859.3,100.0,100000000.0,22947.1,100.0,10000.0,GGA+U,0.00374674,0.0021778,0.00244893,0.00661349,0.00374664,0.00217804,0.00244826,0.0066136
mp-9761,5f8a3e7e5f7a6814fc2df3b1,ReO3,mp-924713,Yes,0.0,94.2776,-0.336845,-0.336042,0.561021,200.0,10000.0,-4.4161,1300.0,10000.0,207065.0,207064.0,0.0317312,0.0315433,209576.0,100.0,10000.0,209576.0,100.0,10000.0,5.82632,1300.0,10000.0,5.82632,1300.0,10000.0,1518070.0,1518130.0,500751.0,100.0,10000.0,500594.0,100.0,10000000.0,GGA,,,,,,,,
mp-753081,5f8a3e7ebab262f42dde6807,Li3(CuO)4,mp-894420,Yes,0.0,136.981,32.8631,32.8701,118.39,1300.0,10000.0,,,,27758.4,27755.0,35.6135,35.6263,28791.2,100.0,100000000.0,,,,284.123,1300.0,10000.0,,,,183166.0,183143.0,69756.9,100.0,10000.0,,,,GGA,0.00102357,0.000908387,0.00102811,0.00113422,0.00102369,0.000908554,0.00102822,0.00113428
mp-42190,5f8a3e7f5f7a6814fc2df3ba,K2NaTiOF5,mp-703705,No,3.9572,152.042,780.409,-775.45,1277.65,1300.0,10000.0,-1220.28,1200.0,10000.0,4.14401,1.16894,2.52935,0.74408,523.586,100.0,100000000.0,204.325,100.0,100000000.0,62.2213,400.0,100000000.0,17.0106,300.0,100000000.0,18.2616,1.80186,0.0734697,1200.0,10000.0,0.00283204,1000.0,10000.0,GGA,7.49379,4.59751,8.93868,8.94517,553.168,16.1476,16.1542,1627.2
mp-571350,5f8a3e7fac838c35c1892cf5,Ba(AsPd)2,mp-920817,Yes,0.0,217.128,-2.97611,-2.97617,-1.43218,100.0,10000.0,-18.1305,1300.0,100000000.0,217732.0,217716.0,58.1097,58.1468,232817.0,1300.0,10000.0,233144.0,1300.0,100000000.0,112.151,1300.0,10000.0,112.341,1300.0,100000000.0,1600020.0,1600000.0,528604.0,100.0,10000.0,525442.0,100.0,100000000.0,GGA,,,,,,,,
mp-707941,5f8a3e7fbab262f42dde6810,Na3H(SO4)2,mp-733708,No,5.1609,749.338,764.511,-418.971,1309.72,1300.0,10000.0,,,,0.289652,50.4224,0.173463,8.8515,65.1375,100.0,100000000.0,,,,5.12138,100.0,100000000.0,,,,0.632102,271.731,0.00477511,100.0,10000.0,,,,GGA,325.437,46.3701,124.544,805.397,0.559341,0.547313,0.548099,0.58261
mp-771077,5f8a3e80ac838c35c1892cfe,LiFeB2O5,mp-811783,No,2.517,366.578,664.03,-751.176,1157.1,900.0,10000.0,-1222.68,800.0,10000.0,8.66067,1.87447,3.94376,1.06059,932.512,100.0,100000000.0,359.184,100.0,100000000.0,77.8735,500.0,100000000.0,13.0512,300.0,100000000.0,39.6534,4.13707,0.18492,100.0,10000.0,0.0344037,700.0,10000.0,GGA+U,6.90558,1.63316,4.11695,14.9666,20.3876,9.3917,15.2149,36.5562
mp-568030,5f8a3e805f7a6814fc2df3c3,Th(Al5Fe)2,mp-977950,Yes,0.0,414.378,-7.86568,-7.84553,-4.59836,100.0,10000.0,-12.791,1300.0,100000000.0,68158.1,68165.2,28.7594,28.6853,70013.5,1300.0,10000.0,70257.2,100.0,100000000.0,56.4094,800.0,10000.0,56.4095,800.0,1000000.0,477605.0,477619.0,164873.0,100.0,100000000.0,165514.0,100.0,10000.0,GGA,,,,,,,,
mp-9383,5f8a3e80bab262f42dde6819,SrHfN2,mp-923947,No,0.329203,57.7874,471.888,-456.858,779.666,200.0,10000.0,,,,53.1924,102.796,11.8967,21.4565,6476.63,1300.0,10000.0,,,,248.112,900.0,100000000.0,,,,396.218,602.257,0.946853,100.0,10000.0,,,,GGA,,,,,,,,
mp-764217,5f8a3e805f7a6814fc2df3cc,Li5VO4F,mp-854089,No,1.8622,226.973,714.504,-722.537,1166.73,700.0,10000.0,-1155.12,600.0,10000.0,2.36096,2.82308,1.21596,1.4582,344.085,100.0,100000000.0,434.922,100.0,100000000.0,24.2576,400.0,100000000.0,27.7475,300.0,100000000.0,9.68463,8.12044,0.0497107,600.0,10000.0,0.034129,600.0,10000.0,GGA+U,13.4771,9.17223,10.6645,20.5947,20.344,5.35541,10.9324,44.7441
mp-853142,5f8a3e80ac838c35c1892d07,Li4Co2OF7,mp-857317,No,1.29089,149.523,769.168,-734.579,1207.21,500.0,10000.0,-1138.56,400.0,10000.0,3.50915,0.614399,1.85519,0.329342,423.226,100.0,100000000.0,154.137,100.0,100000000.0,38.3096,400.0,100000000.0,8.66321,100.0,100000000.0,11.1153,0.408352,0.0625765,100.0,10000.0,0.0025271,400.0,10000.0,GGA+U,259.374,3.07014,21.4861,753.566,83.1504,29.1714,39.045,181.235
mp-16988,5f8a3e81bab262f42dde6822,SrCu2SnS4,mp-992360,No,0.398402,543.884,531.196,-224.386,870.399,200.0,10000.0,,,,24.3577,202.703,6.84338,10.2427,2451.23,100.0,100000000.0,,,,122.369,800.0,100000000.0,,,,128.939,1172.07,0.547431,100.0,10000.0,,,,GGA,,,,,,,,
mp-542904,5f8a3e81bab262f42dde682b,Mn2ZnH12(NO2)4,mp-848890,No,1.49961,292.827,847.435,-769.227,1248.4,400.0,10000.0,,,,0.0824174,1.24438,0.0591878,0.736311,25.9882,100.0,100000000.0,,,,4.43542,100.0,100000000.0,,,,0.0179984,1.35868,0.000100027,400.0,10000.0,,,,GGA+U,341.911,341.911,341.911,341.911,22.6454,22.6454,22.6454,22.6454
mp-5889,5f8a3e815f7a6814fc2df3d5,Er2Ti2O7,mp-691473,No,2.7098,258.998,713.448,-606.655,1218.2,1000.0,10000.0,-1245.49,1000.0,10000.0,21.5828,21.0392,10.9858,7.74305,2308.15,100.0,100000000.0,2371.15,100.0,100000000.0,269.136,600.0,100000000.0,206.703,400.0,100000000.0,112.015,124.89,0.443162,100.0,10000.0,0.556792,100.0,10000.0,GGA,1.30564,1.30564,1.30564,1.30564,1.33938,1.33938,1.33938,1.33938
mp-565329,5f8a3e82ac838c35c1892d10,K2NaFeO3,mp-819657,No,2.1975,238.355,628.926,-640.27,1143.36,800.0,10000.0,-1143.75,900.0,10000.0,9.47385,15.0574,3.68575,6.22129,1079.82,100.0,100000000.0,1601.95,100.0,100000000.0,65.6455,600.0,100000000.0,193.605,1300.0,100000000.0,53.5758,64.3093,0.29767,100.0,10000.0,0.281382,100.0,10000.0,GGA+U,3.2084,2.0966,3.67152,3.8571,9.83293,0.699082,8.03776,20.762
mp-20903,5f8a3e82bab262f42dde6834,PrIn3,mp-930037,Yes,0.0,107.144,13.496,13.5053,16.2357,600.0,10000.0,,,,629874.0,629748.0,114.726,114.861,659098.0,100.0,100000000.0,,,,162.612,600.0,10000.0,,,,4481730.0,4481320.0,1560770.0,100.0,100000000.0,,,,GGA,,,,,,,,
mp-559010,5f8a3e825f7a6814fc2df3de,Sb2OsC4(OF3)4,mp-742528,No,3.6739,1570.66,737.027,-653.953,1184.41,1100.0,10000.0,-1131.79,1300.0,10000.0,0.079716,3.21207,0.0429453,1.37077,22.8971,100.0,100000000.0,597.345,100.0,100000000.0,2.43088,100.0,100000000.0,64.5637,100.0,100000000.0,0.00710141,7.27734,6.98402e-05,400.0,10000.0,0.0455939,800.0,10000.0,GGA,2158.42,167.311,427.406,5880.55,10.6562,6.30055,7.87063,17.7973
mp-566393,5f8a3e82ac838c35c1892d19,KVH6SO9,mp-679475,No,2.9131,396.134,798.294,-733.841,1284.1,900.0,10000.0,-1184.68,1000.0,10000.0,0.750069,4.47009,0.47658,2.6289,147.596,100.0,100000000.0,470.466,100.0,100000000.0,15.8556,100.0,100000000.0,86.3714,700.0,100000000.0,1.53131,15.5584,0.0138307,200.0,10000.0,0.0812967,100.0,10000.0,GGA+U,43.222,26.6075,36.7938,66.2646,28.9243,2.36687,28.055,56.3509
mp-757206,5f8a3e83bab262f42dde683d,BaTi6O12,mp-879562,Yes,0.0,469.237,8.70757,8.70303,28.2443,100.0,10000.0,,,,13886.1,13884.1,1.54095,1.53963,14334.5,100.0,100000000.0,,,,45.5961,1300.0,100000000.0,,,,105227.0,105254.0,31528.5,100.0,10000.0,,,,GGA,0.0025328,0.00116783,0.00321529,0.00321529,0.00253311,0.00116802,0.00321566,0.00321566
mp-555901,5f8a3e835f7a6814fc2df3e7,KCuCO3F,mp-923791,Yes,0.0,189.268,22.4708,22.4861,55.2453,1300.0,10000.0,8.70407,100.0,10000.0,79583.1,79576.3,16.8818,16.8915,82913.1,100.0,10000000.0,82847.0,100.0,10000.0,97.6413,1300.0,10000.0,97.6409,1300.0,10000.0,571391.0,571338.0,184353.0,100.0,10000000.0,184463.0,100.0,10000.0,GGA,,,,,,,,
mp-24928,5f8a3e83ac838c35c1892d22,K2Cr2Cd(H2O5)2,mp-842929,Yes,0.0,260.391,-1.6682,-1.66146,1.01009,1300.0,100000000.0,-4.99858,500.0,10000.0,22275.9,22279.5,13.6284,13.6397,22557.1,800.0,10000.0,22656.0,700.0,100000000.0,19.3779,700.0,100000000.0,19.6929,700.0,100000000.0,165353.0,165366.0,53268.2,100.0,100000000.0,53543.1,100.0,10000.0,GGA+U,0.00231582,0.0005825,0.00254429,0.00382066,0.002316,0.000582338,0.00254481,0.00382086
mp-672225,5f8a3e84bab262f42dde6846,BaZn13,mp-943740,Yes,0.0,477.04,-9.4637,-9.43797,-5.09004,100.0,10000.0,,,,260939.0,260996.0,23.3701,23.2483,273911.0,100.0,10000.0,,,,157.399,1200.0,100000000.0,,,,1822320.0,1822730.0,641582.0,100.0,10000.0,,,,GGA,,,,,,,,
mp-734042,5f8a3e845f7a6814fc2df3f0,MgH12(NO6)2,mp-844127,No,3.5073,521.795,749.761,-786.021,1249.07,1100.0,10000.0,-1222.57,1100.0,10000.0,0.773736,1.21302,0.447551,0.746282,196.186,100.0,100000000.0,210.975,100.0,100000000.0,14.8786,100.0,100000000.0,16.0514,200.0,100000000.0,1.18266,2.58644,0.00823562,800.0,10000.0,0.00961427,1100.0,10000.0,GGA,106.804,18.2936,41.9015,260.216,30.344,14.4402,24.5968,51.995
mp-3040,5f8a3e84ac838c35c1892d2b,TbCo3B2,mp-920350,Yes,0.0,65.7031,-5.18222,-5.18053,-4.35856,200.0,100000000.0,-7.53738,1300.0,10000.0,384576.0,384585.0,6.09037,6.08389,386138.0,200.0,10000.0,386902.0,200.0,100000000.0,56.1925,1300.0,100000000.0,56.2796,1300.0,100000000.0,2736320.0,2736360.0,961961.0,100.0,10000.0,955985.0,100.0,100000000.0,GGA,,,,,,,,
mp-556437,5f8a3e84bab262f42dde684f,Gd10S14O,mp-736380,No,1.26781,2138.64,540.899,-821.338,1000.63,500.0,10000.0,,,,17.162,0.0530843,4.82229,0.035686,1847.34,100.0,100000000.0,,,,46.6313,600.0,100000000.0,,,,79.0022,0.102967,0.592413,100.0,10000.0,,,,GGA,1.83398,1.08527,2.20831,2.20836,632.318,321.249,787.851,787.856
mp-631320,5f8a3e85ac838c35c1892d34,TcIrOs,mp-869792,Yes,0.0,51.4094,-5.95128,-5.94996,8.97651,1300.0,100000000.0,-7.57779,500.0,10000.0,374590.0,374606.0,13.2671,13.2618,375404.0,200.0,10000.0,376483.0,200.0,100000000.0,30.0961,1300.0,100000000.0,30.0739,1300.0,100000000.0,2710110.0,2710190.0,926781.0,100.0,10000.0,925070.0,100.0,100000000.0,GGA,7.52273e-05,7.52273e-05,7.52273e-05,7.52273e-05,7.52241e-05,7.52241e-05,7.52241e-05,7.52241e-05
mp-979956,5f8a3e855f7a6814fc2df3f9,Yb3Mg,mp-1005879,Yes,0.0,142.149,-14.4068,-14.4219,-4.53748,1300.0,100000000.0,-15.3444,400.0,100000000.0,180063.0,180081.0,37.373,37.4555,221841.0,1300.0,10000.0,222046.0,1300.0,100000000.0,40.9793,500.0,10000.0,40.9793,500.0,10000.0,1487690.0,1487690.0,444018.0,100.0,100000000.0,445026.0,100.0,100000000.0,GGA,,,,,,,,
mp-768254,5f8a3e85bab262f42dde6858,Gd3AsO7,mp-855540,No,2.2214,572.44,569.684,-413.186,1106.58,900.0,10000.0,,,,12.2187,31.2628,4.01794,5.31969,1256.42,300.0,100000000.0,,,,86.7322,800.0,100000000.0,,,,69.0497,182.421,0.225042,100.0,10000.0,,,,GGA,3.15919,1.37456,2.54129,5.56173,0.974805,0.632014,1.1172,1.1752
mp-25058,5f8a3e865f7a6814fc2df402,KMoP2O7,mp-822155,No,3.85881,642.49,617.493,-422.516,1140.08,1300.0,10000.0,-1188.22,1300.0,10000.0,7.24073,26.7635,2.77,4.99306,792.65,100.0,100000000.0,1688.75,100.0,100000000.0,46.8066,700.0,100000000.0,72.1142,400.0,100000000.0,34.7044,214.819,0.183542,100.0,10000.0,0.393262,1200.0,10000.0,GGA+U,4.9702,3.00327,3.08083,8.82652,1.10185,0.885456,0.9711,1.44899
mp-775960,5f8a3e86ac838c35c1892d3d,Li4V5Sb3O16,mp-814584,No,0.716802,326.423,632.468,-678.297,1026.33,300.0,10000.0,-1065.95,300.0,10000.0,11.8977,4.07482,5.06223,1.83173,1312.7,100.0,100000000.0,614.195,1300.0,10000.0,99.495,800.0,100000000.0,45.9519,1300.0,10000.0,47.7302,13.6514,0.211545,100.0,10000.0,0.0707387,100.0,10000.0,GGA+U,36.332,0.911501,6.26055,101.824,19.9116,3.07666,11.5456,45.1124
mp-2391,5f8a3e86bab262f42dde6861,YbPd3,mp-929941,Yes,0.0,68.1008,-2.94262,-2.94267,0.809719,100.0,100000000.0,,,,396215.0,396220.0,3.43084,3.43099,418515.0,1300.0,10000.0,,,,26.9627,1300.0,10000.0,,,,2927810.0,2927880.0,980578.0,100.0,100000000.0,,,,GGA,,,,,,,,
mp-29654,5f8a3e875f7a6814fc2df40b,B9H11,mp-732678,No,2.91179,1517.3,638.975,-658.676,1117.91,1100.0,10000.0,-1120.84,1000.0,10000.0,6.76471,4.0133,2.7845,1.74619,845.981,100.0,100000000.0,642.117,100.0,100000000.0,39.89,300.0,100000000.0,22.8167,300.0,100000000.0,23.5178,10.4924,0.0546741,1000.0,10000.0,0.0265783,900.0,10000.0,GGA,4.64497,2.95103,4.32752,6.65636,7.26296,6.01064,6.56281,9.21542
mp-12383,5f8a3e87bab262f42dde686a,Sc2Te3,mp-990486,Yes,0.0,607.133,-10.0491,-10.0769,11.1179,1300.0,100000000.0,,,,22471.2,22493.3,9.43733,9.48287,34433.7,1300.0,100000000.0,,,,31.8617,1100.0,10000.0,,,,173660.0,173774.0,52765.0,100.0,100000000.0,,,,GGA,,,,,,,,
mp-559270,5f8a3e87ac838c35c1892d46,RbBa4Sb3O,mp-704256,No,0.951895,689.718,557.94,-685.644,995.961,400.0,10000.0,-1101.57,400.0,10000.0,24.1768,30.6377,7.91178,14.7879,2575.41,100.0,100000000.0,3382.58,100.0,100000000.0,122.022,600.0,100000000.0,255.182,1000.0,100000000.0,135.171,116.706,0.618145,100.0,10000.0,0.735251,100.0,10000.0,GGA,1.89978,0.861093,0.861241,3.977,2.2339,0.649532,0.650616,5.40156
mp-19879,5f8a3e88bab262f42dde6873,PPd3,mp-924299,Yes,0.0,240.636,0.0179957,0.0180512,0.820713,200.0,100000000.0,,,,239914.0,239914.0,9.96275,9.96439,239918.0,300.0,100000000.0,,,,92.3089,1300.0,100000000.0,,,,1748210.0,1748280.0,590371.0,100.0,10000.0,,,,GGA,,,,,,,,
mp-764864,5f8a3e885f7a6814fc2df414,LiFe2(BO3)2,mp-801507,No,0.799103,484.073,655.047,-711.95,1049.42,200.0,10000.0,-1109.26,300.0,10000.0,0.0123368,0.369179,0.00530994,0.199162,14.772,1300.0,10000.0,63.2716,100.0,100000000.0,2.10041,1300.0,10000.0,3.96859,100.0,100000000.0,0.000768519,1.03012,6.54424e-06,200.0,10000.0,0.0055391,100.0,10000.0,GGA+U,4623.41,1064.29,3807.13,8998.82,364.26,36.7997,90.1422,965.837
mp-704943,5f8a3e88ac838c35c1892d4f,Li2Mn3ZnO8,mp-823377,No,1.5501,567.809,752.297,-544.294,1182.27,500.0,10000.0,-1028.6,700.0,10000.0,1.58386,19.7381,0.896386,5.84753,285.084,100.0,100000000.0,2110.83,100.0,100000000.0,21.4982,100.0,100000000.0,255.889,400.0,100000000.0,4.54367,99.3302,0.0325532,100.0,10000.0,0.296564,100.0,10000.0,GGA+U,17.7916,17.7916,17.7916,17.7916,1.42767,1.42767,1.42767,1.42767
mp-19113,5f8a3e88bab262f42dde687c,CoTeO3,mp-819466,No,2.1353,243.664,642.106,-506.795,1183.04,900.0,10000.0,,,,11.2562,19.0305,4.50929,4.93257,1319.84,100.0,100000000.0,,,,123.043,800.0,100000000.0,,,,79.5677,83.2529,0.21153,100.0,10000.0,,,,GGA+U,2.95729,1.6811,2.58956,4.60121,1.67,0.986486,1.74239,2.28113
mp-567306,5f8a3e895f7a6814fc2df41d,Li3Ga7,mp-943790,Yes,0.0,370.466,-9.06134,-9.04651,19.882,100.0,10000.0,-31.1184,1300.0,10000.0,165783.0,165789.0,19.1732,19.1613,182457.0,100.0,100000000.0,172158.0,100.0,10000.0,147.15,1300.0,10000.0,149.074,1300.0,100000000.0,1161340.0,1161770.0,392772.0,100.0,100000000.0,404641.0,100.0,10000.0,GGA,,,,,,,,
mp-10125,5f8a3e89ac838c35c1892d58,SbIr,mp-925732,Yes,0.0,80.0385,0.86749,0.868729,2.63189,100.0,100000000.0,0.521406,400.0,10000.0,833425.0,833409.0,6.54867,6.55566,837433.0,100.0,100000000.0,834531.0,200.0,10000.0,58.6718,1300.0,10000.0,58.6718,1300.0,10000.0,6063850.0,6063970.0,2042230.0,100.0,10000.0,2026450.0,100.0,100000000.0,GGA,,,,,,,,
mp-977176,5f8a3e89bab262f42dde6885,NaTcO3,mp-977210,Yes,0.0,58.2335,-1.22198,-1.22404,-0.778393,400.0,100000000.0,,,,599466.0,599478.0,0.895141,0.898188,600188.0,400.0,10000.0,,,,458.031,100.0,10000.0,,,,4412900.0,4412750.0,1482890.0,100.0,10000.0,,,,GGA,,,,,,,,
mp-743605,5f8a3e895f7a6814fc2df426,ZrCrCu2(PO4)3,mp-824223,No,0.995597,497.93,768.584,-667.762,1167.49,300.0,10000.0,-1079.33,400.0,10000.0,0.259166,2.02748,0.146753,0.870628,63.0938,100.0,100000000.0,417.487,100.0,100000000.0,6.30654,100.0,100000000.0,43.1457,100.0,100000000.0,0.169113,3.26804,0.00167162,300.0,10000.0,0.0334596,300.0,10000.0,GGA+U,192.617,54.5358,152.49,370.826,21.4235,7.399,18.2472,38.6241
mp-783909,5f8a3e89ac838c35c1892d61,Li2MnSiO4,mp-817446,No,2.8862,359.547,618.259,-333.815,1182.83,1100.0,10000.0,-942.508,1300.0,10000.0,10.8376,58.5281,3.99586,6.50597,1220.0,100.0,100000000.0,5312.49,500.0,100000000.0,62.4301,600.0,100000000.0,856.05,1300.0,100000000.0,50.9531,336.825,0.21121,100.0,10000.0,1.26498,100.0,10000.0,GGA+U,5.67471,1.12297,6.27217,9.62899,0.483545,0.443006,0.487989,0.519639
mp-560280,5f8a3e8abab262f42dde688e,TeC6(ClF7)2,mp-843490,No,3.33061,752.982,685.98,-743.435,1160.82,1200.0,10000.0,,,,1.45318,1.3955,0.778037,0.799891,213.824,100.0,100000000.0,,,,16.1908,300.0,100000000.0,,,,3.24329,2.54455,0.0296587,200.0,10000.0,,,,GGA,64.4535,8.4187,34.1382,150.804,467.843,7.46689,72.014,1324.05
mp-764165,5f8a3e8a5f7a6814fc2df42f,Li2TiMn2O6,mp-854233,No,1.0896,730.461,701.501,-640.808,1128.81,400.0,10000.0,-1068.96,400.0,10000.0,1.66941,5.35586,0.816129,2.23197,321.535,100.0,100000000.0,755.164,100.0,100000000.0,16.023,200.0,100000000.0,49.2281,400.0,100000000.0,4.40125,19.7569,0.0386835,200.0,10000.0,0.143786,100.0,10000.0,GGA+U,24.1291,8.7918,27.6537,35.9418,6.28712,3.36682,5.93084,9.5637
mp-3284,5f8a3e8aac838c35c1892d6a,CeSi2Pt,mp-920329,Yes,0.0,151.048,23.8283,23.8326,96.3101,1300.0,10000.0,7.05814,100.0,10000.0,63199.1,63193.6,46.4497,46.4487,111900.0,1300.0,100000000.0,111397.0,1300.0,10000.0,1116.74,1300.0,100000000.0,1115.2,1300.0,10000.0,449527.0,449469.0,151951.0,100.0,10000.0,151277.0,100.0,100000000.0,GGA,,,,,,,,
mp-754759,5f8a3e8bbab262f42dde6897,Y2O3,mp-859547,No,4.4426,149.703,833.598,-405.266,1355.04,1300.0,10000.0,,,,7.48034,53.6946,5.19895,8.8353,1149.5,100.0,100000000.0,,,,148.207,200.0,100000000.0,,,,24.0901,295.053,0.18298,100.0,10000.0,,,,GGA,3.801,3.31019,4.0464,4.04641,0.532645,0.445117,0.576408,0.576409
mp-979983,5f8a3e8bac838c35c1892d73,Cs3Yb,mp-980291,Yes,0.0,723.45,0.172705,0.204166,0.541675,400.0,10000.0,-13.9554,1300.0,10000.0,68608.2,68608.8,0.00256146,0.00314696,73212.8,100.0,10000.0,75131.5,100.0,100000000.0,15.2122,1300.0,100000000.0,15.3402,1300.0,100000000.0,461243.0,461218.0,166207.0,100.0,10000.0,162558.0,100.0,100000000.0,GGA,,,,,,,,
mp-765835,5f8a3e8b5f7a6814fc2df438,LiV5O7F,mp-898169,No,0.797702,152.74,648.88,-716.097,1046.21,300.0,10000.0,-1112.04,300.0,10000.0,10.2248,9.07651,4.29241,4.66123,1276.64,100.0,100000000.0,1032.58,100.0,100000000.0,71.7368,500.0,100000000.0,72.7881,600.0,100000000.0,44.9962,35.1157,0.248088,100.0,10000.0,0.15572,100.0,10000.0,GGA+U,3.0725,1.82716,3.69517,3.69518,3.16031,2.59437,3.44327,3.44328
mp-778873,5f8a3e8bbab262f42dde68a0,BaCe2O4,mp-903465,Yes,0.0,486.339,5.35862,5.35917,7.2862,100.0,100000000.0,,,,10320.4,10319.7,6.93956,6.93779,10457.1,400.0,100000000.0,,,,9.17492,1300.0,100000000.0,,,,74517.9,74519.8,24832.8,100.0,10000.0,,,,GGA,,,,,,,,
mp-764288,5f8a3e8cac838c35c1892d7c,Li3MnF6,mp-800620,No,1.8922,208.044,771.852,-772.635,1187.29,600.0,10000.0,-1192.48,500.0,10000.0,1.53705,1.19145,0.898936,0.720429,250.215,100.0,100000000.0,197.794,100.0,100000000.0,23.1629,200.0,100000000.0,19.732,200.0,100000000.0,2.72816,2.02946,0.0107165,600.0,10000.0,0.00927899,600.0,10000.0,GGA+U,39.3031,7.85618,54.8045,55.2486,785.718,8.44302,125.765,2222.95
mp-570597,5f8a3e8cbab262f42dde68a9,La2GeI2,mp-929794,No,0.377694,193.469,579.121,-518.982,989.846,100.0,10000.0,,,,24.4072,68.2866,11.3823,18.8778,11474.0,1300.0,10000.0,,,,275.758,400.0,100000000.0,,,,668.098,580.904,0.462303,100.0,10000.0,,,,GGA,,,,,,,,
mp-554699,5f8a3e8c5f7a6814fc2df441,GePbO3,mp-740973,No,2.71921,537.66,653.398,-498.592,1137.45,1000.0,10000.0,-1045.91,1200.0,10000.0,9.11685,41.4997,3.96734,10.3375,919.501,200.0,100000000.0,4158.54,100.0,100000000.0,91.595,900.0,100000000.0,353.333,900.0,100000000.0,38.5038,220.243,0.133647,100.0,10000.0,0.813501,100.0,10000.0,GGA,4.52798,1.56816,6.0079,6.0079,0.703711,0.529256,0.790939,0.790939
mp-542842,5f8a3e8dbab262f42dde68b2,KMnP3HO10,mp-745606,No,0.779402,450.986,671.573,-485.456,1068.26,300.0,10000.0,,,,5.40758,29.4786,2.49673,7.90652,547.791,300.0,100000000.0,,,,47.5694,500.0,100000000.0,,,,19.3387,128.223,0.0723961,100.0,10000.0,,,,GGA+U,24.2499,3.28915,3.89997,65.5607,39.8173,0.605333,0.67665,118.17
mp-8184,5f8a3e8dac838c35c1892d85,Li2ZnGeO4,mp-672816,No,3.1087,181.59,728.855,-381.621,1305.96,1100.0,10000.0,-976.962,1300.0,10000.0,6.00305,64.9206,3.18662,9.45741,868.359,100.0,100000000.0,6301.5,100.0,100000000.0,71.1607,400.0,100000000.0,1577.27,1300.0,100000000.0,32.6503,365.443,0.210119,1000.0,10000.0,1.18519,100.0,10000.0,GGA,6.04966,2.84889,5.32376,9.97635,0.434454,0.42375,0.426528,0.453083
mp-554288,5f8a3e8e5f7a6814fc2df44a,NaPH4O5,mp-663137,No,5.22869,455.136,779.874,-421.128,1284.77,1300.0,10000.0,-997.118,1300.0,10000.0,1.62581,52.5883,1.00228,9.32645,255.812,100.0,100000000.0,5843.67,100.0,100000000.0,25.9468,200.0,100000000.0,1182.67,1300.0,100000000.0,3.87385,279.893,0.0323388,500.0,10000.0,0.858853,100.0,10000.0,GGA,23.9925,9.1421,30.612,32.2234,0.535991,0.527926,0.531873,0.548175
mp-976128,5f8a3e8ebab262f42dde68bb,Hf5Sc,mp-976183,Yes,0.0,135.768,-5.06038,-5.06181,-1.42813,100.0,100000000.0,,,,202433.0,202438.0,16.362,16.3705,208502.0,1300.0,10000.0,,,,67.0531,900.0,10000.0,,,,1495150.0,1495220.0,501127.0,100.0,10000.0,,,,GGA,,,,,,,,
mp-772523,5f8a3e8fac838c35c1892d8e,Ba8LiTa7O24,mp-901231,Yes,0.0,576.874,-12.4937,-12.5555,-5.70737,100.0,100000000.0,-81.6307,1300.0,100000000.0,48461.0,48487.3,38.7081,38.6681,48475.4,200.0,10000.0,49789.5,300.0,100000000.0,283.353,1300.0,100000000.0,296.304,1300.0,100000000.0,337131.0,337320.0,112740.0,100.0,100000000.0,119983.0,100.0,10000.0,GGA,,,,,,,,
mp-973480,5f8a3e8f5f7a6814fc2df453,Nd(BRh)4,mp-973770,Yes,0.0,218.238,-4.43809,-4.42973,-0.0656651,100.0,10000.0,-20.5921,1300.0,10000.0,204168.0,204171.0,5.50372,5.49876,219098.0,100.0,100000000.0,218091.0,100.0,10000.0,95.1909,1300.0,100000000.0,95.5518,1300.0,100000000.0,1370050.0,1370100.0,489767.0,100.0,100000000.0,493872.0,100.0,10000.0,GGA,,,,,,,,
mp-334,5f8a3e8fbab262f42dde68c4,LaF3,mp-663585,No,6.0452,335.923,764.502,-896.872,1339.9,1300.0,10000.0,,,,4.75665,0.497143,2.8795,0.391232,734.534,100.0,100000000.0,,,,70.6427,400.0,100000000.0,,,,21.0951,0.698218,0.157024,900.0,10000.0,,,,GGA,15.9712,2.38931,22.7621,22.7621,82.082,42.8273,42.8273,160.591
mp-21511,5f8a3e90ac838c35c1892d97,K2NaInP2,mp-670997,No,1.0499,336.399,630.182,-275.542,1080.67,400.0,10000.0,-749.913,600.0,10000.0,19.6806,152.597,7.06472,11.5732,2360.64,100.0,100000000.0,11518.4,100.0,100000000.0,109.588,700.0,100000000.0,1436.28,800.0,100000000.0,82.4846,853.254,0.401953,100.0,10000.0,2.88215,100.0,10000.0,GGA,13.1123,0.666927,1.75839,36.9116,0.185279,0.17057,0.191288,0.19398
mp-554944,5f8a3e905f7a6814fc2df45c,TiSO5,mp-670779,No,2.1049,395.703,669.94,-625.439,1138.39,800.0,10000.0,-1214.37,800.0,10000.0,13.5919,21.7116,6.49097,10.655,1495.99,100.0,100000000.0,2174.03,100.0,100000000.0,138.413,800.0,100000000.0,249.575,700.0,100000000.0,51.5541,82.5131,0.269074,100.0,10000.0,0.623173,100.0,10000.0,GGA,7.17449,0.797465,10.2226,10.5034,31.1465,0.440852,44.4091,48.5895
mp-676319,5f8a3e90bab262f42dde68cd,Dy2Zr2O7,mp-741566,No,2.761,289.785,630.829,-440.776,1190.9,1100.0,10000.0,,,,25.974,40.2419,9.51011,7.80566,2838.17,100.0,100000000.0,,,,227.369,700.0,100000000.0,,,,154.994,218.648,0.557389,100.0,10000.0,,,,GGA,1.29595,0.861125,0.878377,2.14836,0.709431,0.617987,0.69388,0.816426
mp-974738,5f8a3e91bab262f42dde68d6,KSr3,mp-974793,Yes,0.0,233.051,-3.77417,-3.75182,22.1159,1300.0,100000000.0,,,,162584.0,162594.0,18.104,18.0267,167269.0,100.0,100000000.0,,,,80.1242,1300.0,100000000.0,,,,1104550.0,1104530.0,401203.0,100.0,100000000.0,,,,GGA,,,,,,,,
mp-3462,5f8a3e915f7a6814fc2df465,TmSnAu,mp-920201,Yes,0.0,74.6621,9.84143,5.50006,106.919,300.0,100000000.0,-105.989,300.0,100000000.0,5373.58,5367.83,0.520452,0.16238,34719.9,1300.0,100000000.0,34682.4,1300.0,100000000.0,107.756,300.0,100000000.0,99.6313,300.0,100000000.0,112202.0,112286.0,8330.22,100.0,10000000.0,7913.39,100.0,10000000.0,GGA,,,,,,,,
mp-773387,5f8a3e91ac838c35c1892da0,Li4Fe5Co3O16,mp-901134,Yes,0.0,257.604,2.53546,2.54416,58.7031,1300.0,10000.0,-1.73968,100.0,100000000.0,18873.3,18874.5,1.4737,1.47073,19228.5,100.0,10000.0,19311.8,100.0,100000000.0,26.814,1300.0,10000.0,26.814,1300.0,10000.0,129207.0,129204.0,46528.1,100.0,100000000.0,46812.6,100.0,10000.0,GGA+U,,,,,,,,
mp-6426,5f8a3e92bab262f42dde68df,Na2MgSiO4,mp-686872,No,3.7692,421.408,857.602,-384.587,1320.7,1200.0,10000.0,,,,1.87408,63.2641,1.28292,9.35112,289.098,100.0,100000000.0,,,,35.6809,200.0,100000000.0,,,,5.26021,362.122,0.0447188,100.0,10000.0,,,,GGA,97.5243,8.4144,12.9896,271.169,0.445715,0.429805,0.452609,0.454732
mp-761041,5f8a3e92ac838c35c1892da9,TiP2O7,mp-853928,No,2.73321,530.191,725.755,-706.734,1220.62,1000.0,10000.0,-1242.23,1000.0,10000.0,4.09881,5.64718,2.16125,2.83832,561.094,100.0,100000000.0,921.543,100.0,100000000.0,45.5956,400.0,100000000.0,59.0184,300.0,100000000.0,15.5763,25.4731,0.0943964,100.0,10000.0,0.134249,900.0,10000.0,GGA,7.4361,5.51643,6.23644,10.5554,5.37586,4.20269,4.31218,7.61272
mp-19581,5f8a3e925f7a6814fc2df46e,Mg3Cr2(SiO4)3,mp-819394,No,3.4551,806.075,648.997,-797.355,1170.97,1300.0,10000.0,-1244.27,1100.0,10000.0,10.5463,2.87333,4.44208,1.82679,1112.8,100.0,100000000.0,372.243,100.0,100000000.0,72.8349,400.0,100000000.0,27.691,1300.0,100000000.0,44.8674,11.606,0.218644,100.0,10000.0,0.0535585,100.0,10000.0,GGA+U,2.67196,2.67196,2.67196,2.67196,9.80722,9.80722,9.80722,9.80722
mp-19950,5f8a3e93bab262f42dde68e8,Dy2Ti3Si4,mp-940284,Yes,0.0,645.336,-22.2421,-22.2489,-14.7244,100.0,100000000.0,,,,33005.8,33010.5,18.3102,18.3261,41668.2,1300.0,10000.0,,,,39.3607,1300.0,10000.0,,,,267369.0,267361.0,76146.8,100.0,100000000.0,,,,GGA,,,,,,,,
mp-778680,5f8a3e945f7a6814fc2df477,Li5Mn8(BO3)8,mp-815926,No,0.577194,500.995,639.351,-625.851,997.686,200.0,10000.0,-998.422,200.0,10000.0,2.94443,2.01242,1.23086,0.821163,361.36,100.0,100000000.0,294.533,100.0,100000000.0,19.8373,500.0,100000000.0,11.8074,300.0,100000000.0,10.2533,5.11553,0.0557092,100.0,10000.0,0.0367224,100.0,10000.0,GGA+U,19.4906,4.25523,20.4853,33.7312,90.8078,6.13787,21.1682,245.117
mp-3307,5f8a3e94ac838c35c1892db2,BaSO4,mp-842537,No,4.4975,101.206,785.222,-417.348,1286.81,1300.0,10000.0,-1007.82,1300.0,10000.0,10.87,49.7467,6.70214,8.66482,1220.71,100.0,100000000.0,4898.51,100.0,100000000.0,182.151,700.0,100000000.0,908.709,900.0,100000000.0,42.8647,274.515,0.191607,100.0,10000.0,0.944235,100.0,10000.0,GGA,2.5924,2.5924,2.5924,2.5924,0.566458,0.566458,0.566458,0.566458
mp-558238,5f8a3e94bab262f42dde68f1,KEr2F7,mp-711055,No,6.9046,1236.34,759.207,-425.41,1256.92,1300.0,10000.0,,,,1.47131,47.44,0.832832,8.59691,221.322,100.0,100000000.0,,,,19.3153,200.0,100000000.0,,,,3.27683,290.159,0.0264343,100.0,10000.0,,,,GGA,,,,,,,,
mp-767302,5f8a3e95bab262f42dde68fa,Li2SiNiO4,mp-809612,No,3.4624,175.068,678.841,-800.246,1226.25,1300.0,10000.0,,,,4.95533,1.10831,2.26419,0.703584,521.711,100.0,100000000.0,,,,52.0808,900.0,100000000.0,,,,22.9996,3.24544,0.0926668,100.0,10000.0,,,,GGA+U,9.33867,3.87076,4.58557,19.5597,26.7263,19.2875,27.9237,32.9677
mp-775226,5f8a3e955f7a6814fc2df480,LiMn2(BO3)2,mp-814168,No,0.565398,492.273,712.539,-716.507,1080.96,200.0,10000.0,-1100.81,200.0,10000.0,1.31692,1.32287,0.668405,0.795728,455.925,1300.0,10000.0,487.316,1300.0,100000000.0,21.465,1300.0,10000.0,21.4649,1300.0,10000.0,3.52656,4.01117,0.0289748,200.0,10000.0,0.0211276,100.0,10000.0,GGA+U,27.2281,12.2952,29.695,39.6941,124.38,7.70107,172.349,193.089
mp-567685,5f8a3e95ac838c35c1892dbb,Er4InIr,mp-919024,Yes,0.0,622.994,-14.5334,-14.5381,-9.32239,200.0,100000000.0,-28.5328,800.0,100000000.0,24075.2,24079.0,5.08513,5.08925,30443.3,1300.0,10000.0,30544.6,1300.0,100000000.0,20.5631,900.0,10000.0,20.5631,900.0,10000.0,184172.0,184209.0,58241.4,100.0,10000.0,58201.8,100.0,100000000.0,GGA,,,,,,,,
mp-755323,5f8a3e96bab262f42dde6903,DyClO,mp-850333,No,5.1688,102.802,676.717,-454.235,1298.56,1300.0,10000.0,,,,18.3361,46.9164,8.42153,9.5898,2110.75,100.0,100000000.0,,,,260.228,1000.0,100000000.0,,,,114.442,345.209,0.36941,100.0,10000.0,,,,GGA,1.74352,1.26424,1.26424,2.70207,0.61258,0.54902,0.54902,0.739699
mp-974457,5f8a3e96ac838c35c1892dc4,Ru3I,mp-974496,Yes,0.0,63.0435,0.264799,0.262438,12.5882,1300.0,100000000.0,-0.942318,200.0,100000000.0,324068.0,324068.0,0.0227231,0.0223198,350709.0,1300.0,100000000.0,350416.0,1300.0,10000.0,55.5745,1300.0,100000000.0,55.4826,1300.0,100000000.0,2433070.0,2433020.0,799481.0,100.0,100000000.0,805122.0,100.0,10000.0,GGA,,,,,,,,
mp-20877,5f8a3e965f7a6814fc2df489,NbCoB2,mp-942429,Yes,0.0,154.832,10.4519,10.4386,11.0891,300.0,100000000.0,-10.6269,1300.0,100000000.0,78314.2,78307.8,12.5621,12.5317,102041.0,1300.0,10000.0,102080.0,1300.0,100000000.0,41.6464,1300.0,10000.0,41.6464,1300.0,10000.0,658328.0,658341.0,183924.0,100.0,10000.0,183535.0,100.0,100000000.0,GGA,,,,,,,,
mp-17562,5f8a3e97bab262f42dde690c,Sr3Sc(BO3)3,mp-710775,No,4.62711,404.402,779.857,-818.353,1261.81,1300.0,10000.0,,,,3.04681,1.70555,1.85085,1.15934,442.322,100.0,100000000.0,,,,45.7324,200.0,100000000.0,,,,7.96941,6.19763,0.0564195,100.0,10000.0,,,,GGA,9.53177,7.34644,10.6244,10.6244,17.466,12.1768,20.1105,20.1106
mp-4734,5f8a3e97ac838c35c1892dcd,NaPO3,mp-846123,No,4.967,545.849,745.931,-412.065,1277.43,1300.0,10000.0,-1001.97,1300.0,10000.0,2.53308,51.9364,1.46003,8.8246,345.255,100.0,100000000.0,5140.32,600.0,100000000.0,33.0052,300.0,100000000.0,1172.63,1300.0,100000000.0,7.8922,305.189,0.0515404,100.0,10000.0,1.10341,100.0,10000.0,GGA,46.3712,4.38261,31.4279,103.303,0.542773,0.532169,0.53926,0.556889
mp-773248,5f8a3e975f7a6814fc2df492,Li4NbFe3O8,mp-813051,No,2.5106,189.712,694.865,-645.486,1234.58,900.0,10000.0,-1212.05,1000.0,10000.0,1.10476,7.82978,0.544145,3.56718,224.615,100.0,100000000.0,862.838,100.0,100000000.0,11.1771,200.0,100000000.0,95.8959,700.0,100000000.0,2.42838,26.2074,0.0245114,300.0,10000.0,0.128479,100.0,10000.0,GGA+U,32.1994,15.9137,27.9133,52.7711,32.0044,1.26996,33.568,61.1753
mp-765977,5f8a3e98bab262f42dde6915,Li2Ni(PO3)5,mp-877590,Yes,0.098097,585.359,-14.3691,-14.3979,401.216,100.0,10000000.0,,,,278.045,278.508,11.9853,12.0023,916.298,1300.0,100000000.0,,,,11.9938,300.0,10000.0,,,,2818.71,2809.76,57.2521,100.0,10000000.0,,,,GGA,0.118814,0.0669747,0.109866,0.179601,0.118802,0.0667081,0.10993,0.179767
mp-761295,5f8a3e98ac838c35c1892dd6,MnCd6O8,mp-797491,No,0.1735,208.341,141.178,-247.605,844.026,100.0,10000.0,-509.989,100.0,10000.0,52.4521,170.193,1.04543,10.4342,7582.19,1300.0,10000.0,12979.2,100.0,100000000.0,266.411,600.0,100000000.0,1290.26,600.0,100000000.0,4734.94,2161.89,0.586875,100.0,10000.0,3.15182,100.0,10000.0,GGA+U,0.537241,0.537241,0.537241,0.537241,0.165573,0.165573,0.165573,0.165573
mp-867749,5f8a3e995f7a6814fc2df49b,CaBiO3,mp-901303,Yes,0.0122043,156.561,34.5798,33.7351,155.044,100.0,100000000.0,-116.656,100.0,100000000.0,7064.39,7065.02,3.72633,3.65325,22597.1,1300.0,100000000.0,22523.9,1300.0,10000.0,77.3332,100.0,100000000.0,86.1052,100.0,100000000.0,138895.0,138851.0,9358.4,100.0,100000000.0,8657.81,100.0,100000000.0,GGA,,,,,,,,
mp-24171,5f8a3e99bab262f42dde691e,SrPH3O4,mp-848693,No,5.7674,430.119,720.021,-548.594,1241.21,1300.0,10000.0,,,,3.15541,20.7242,1.68272,6.16352,407.265,100.0,100000000.0,,,,35.6179,400.0,100000000.0,,,,11.3514,109.925,0.0739831,100.0,10000.0,,,,GGA,14.0135,5.30145,8.9875,27.7515,1.66737,0.890888,1.39811,2.71312
mp-775804,5f8a3e9aac838c35c1892ddf,Li3SbS3,mp-862142,No,2.2977,603.369,668.338,-645.401,1153.39,800.0,10000.0,-1138.95,900.0,10000.0,13.1634,22.2581,6.07742,9.30914,1609.86,100.0,100000000.0,2534.44,100.0,100000000.0,116.116,500.0,100000000.0,204.291,900.0,100000000.0,53.0462,100.294,0.293895,100.0,10000.0,0.559654,100.0,10000.0,GGA,3.63446,1.03579,3.62726,6.24032,1.47103,0.864326,1.30326,2.24549
mp-764734,5f8a3e9a5f7a6814fc2df4a4,Mn3VSb2(PO4)6,mp-800443,Yes,0.0102043,477.173,-20.0257,-20.4901,141.904,100.0,100000000.0,-141.252,100.0,100000000.0,3162.66,3163.42,8.83324,8.8736,6013.47,1300.0,100000000.0,6011.69,1300.0,10000.0,29.0793,100.0,100000000.0,33.2382,100.0,100000000.0,44437.8,44438.2,3903.43,100.0,100000000.0,4368.55,100.0,100000000.0,GGA+U,0.00913147,0.00806911,0.00806911,0.0112562,0.00912524,0.00807361,0.00807361,0.0112285
mp-571342,5f8a3e9abab262f42dde6927,TiGa2,mp-943788,Yes,0.0,189.224,6.85273,6.85427,22.0144,1300.0,10000.0,,,,209349.0,209329.0,9.6029,9.60723,211764.0,100.0,100000000.0,,,,134.31,1300.0,10000.0,,,,1528390.0,1528250.0,512205.0,100.0,10000.0,,,,GGA,,,,,,,,
mp-672356,5f8a3e9b5f7a6814fc2df4ad,MnSbPt,mp-943836,Yes,0.0,57.9354,5.35713,5.35693,9.52271,1100.0,100000000.0,3.7648,100.0,100000000.0,623418.0,623391.0,17.8914,17.8892,635418.0,1300.0,100000000.0,634790.0,1300.0,10000.0,57.4358,1100.0,100000000.0,57.3057,1100.0,100000000.0,4585730.0,4585690.0,1544460.0,100.0,10000.0,1534720.0,100.0,100000000.0,GGA,,,,,,,,
mp-640584,5f8a3e9bbab262f42dde6930,BaMo2P3O14,mp-845271,No,1.8055,575.207,577.443,-726.937,1055.97,700.0,10000.0,,,,10.4473,1.66206,3.58537,0.878821,1132.23,100.0,100000000.0,,,,60.4725,700.0,100000000.0,,,,57.3375,3.69523,0.253205,100.0,10000.0,,,,GGA+U,4.12807,1.54205,2.96988,7.87227,30.9431,8.80152,21.0785,62.9491
mp-2698,5f8a3e9bac838c35c1892de8,YCu2,mp-927644,Yes,0.0,107.559,-3.60968,-3.61443,4.8834,1300.0,100000000.0,-3.84256,300.0,100000000.0,353682.0,353694.0,5.21304,5.21938,366478.0,1300.0,100000000.0,366363.0,1300.0,10000.0,13.5983,1300.0,100000000.0,13.5746,1300.0,100000000.0,2656930.0,2656940.0,852402.0,100.0,100000000.0,853365.0,100.0,10000.0,GGA,,,,,,,,
mp-766114,5f8a3e9c5f7a6814fc2df4b6,Li4MnFe3(PO4)4,mp-808613,No,3.78359,302.828,688.778,-345.203,1221.62,1300.0,10000.0,-1030.47,1300.0,10000.0,5.04641,61.4434,1.91491,7.31827,777.484,100.0,100000000.0,5032.17,100.0,100000000.0,23.6226,300.0,100000000.0,506.04,500.0,100000000.0,16.9917,325.06,0.0523418,900.0,10000.0,0.923616,100.0,10000.0,GGA+U,40.4402,2.58371,7.07974,111.657,0.460806,0.436826,0.438859,0.506733
mp-695452,5f8a3e9cac838c35c1892df1,K2Al11Si13(Ag3O16)3,mp-739394,No,1.2822,1941.74,675.171,-579.412,1083.79,400.0,10000.0,-984.037,500.0,10000.0,0.950292,1.49459,0.358892,0.502492,186.373,100.0,100000000.0,345.205,100.0,100000000.0,7.46466,100.0,100000000.0,11.1849,300.0,100000000.0,1.28286,0.745714,0.00669552,200.0,10000.0,0.00419535,400.0,10000.0,GGA,3542.25,9.9222,4545.22,6071.62,20.1208,14.1188,19.8306,26.413
mp-773397,5f8a3e9cbab262f42dde6939,GeWO4,mp-813158,No,2.4487,684.31,583.666,-642.675,1133.0,900.0,10000.0,,,,11.9148,12.9074,4.07232,5.38909,1562.44,100.0,100000000.0,,,,52.7586,500.0,100000000.0,,,,60.0472,51.7412,0.327471,100.0,10000.0,,,,GGA+U,2.48115,2.04023,2.10454,3.29867,2.57334,1.33828,3.14794,3.23379
mp-972876,5f8a3e9d5f7a6814fc2df4bf,Sc3Cd,mp-972956,Yes,0.0,186.43,-22.8874,-22.8891,-10.9586,100.0,100000000.0,-30.1013,700.0,100000000.0,66303.3,66310.5,53.3639,53.3941,74663.1,1300.0,10000.0,74775.1,1300.0,100000000.0,135.594,800.0,10000.0,136.105,800.0,100000000.0,499780.0,499792.0,157827.0,100.0,100000000.0,158972.0,100.0,10000.0,GGA,,,,,,,,
mp-9488,5f8a3e9dbab262f42dde6942,SmOF,mp-670690,No,4.693,87.3442,722.778,-659.896,1283.09,1300.0,10000.0,,,,10.6659,22.2783,5.46251,9.53488,1118.31,100.0,100000000.0,,,,141.279,800.0,100000000.0,,,,46.0975,96.4489,0.17118,100.0,10000.0,,,,GGA,167.929,1.76444,1.76444,500.259,51.4116,0.845591,0.845592,152.544
mp-762316,5f8a3e9dac838c35c1892dfa,Li2CrSiO4,mp-798042,No,1.2605,342.925,603.626,-556.915,1044.88,500.0,10000.0,-1015.62,500.0,10000.0,15.1032,18.6773,5.91477,6.04171,1536.98,100.0,100000000.0,1873.42,200.0,100000000.0,134.582,1300.0,100000000.0,145.376,1000.0,100000000.0,67.3218,107.1,0.291989,100.0,10000.0,0.434692,100.0,10000.0,GGA+U,25.925,1.02575,1.6137,75.1357,2.23967,1.11972,1.14858,4.45072
mp-646182,5f8a3e9e5f7a6814fc2df4c8,Mg5V2(MoO8)2,mp-820549,No,2.78581,1885.73,604.154,-615.61,1167.56,1000.0,10000.0,-1134.17,1100.0,10000.0,4.80349,5.45952,2.01084,2.23133,560.818,100.0,100000000.0,640.364,100.0,100000000.0,31.0498,400.0,100000000.0,32.6265,400.0,100000000.0,16.8785,19.0302,0.0786885,100.0,10000.0,0.0779382,900.0,10000.0,GGA+U,166.017,2.21455,17.3209,478.515,11.1636,2.32202,9.59601,21.5727
mp-757793,5f8a3e9ebab262f42dde694b,Li2Nb(PO4)2,mp-879711,No,0.319394,304.479,213.87,-506.125,969.742,100.0,10000.0,,,,4.30137,10.8078,0.21283,3.04843,1570.69,1300.0,10000.0,,,,40.7456,1300.0,10000.0,,,,603.289,297.347,0.0614277,100.0,10000.0,,,,GGA,8.01614,3.86321,9.41029,10.7749,4.50374,1.33276,3.50959,8.66888
mp-2123,5f8a3e9fac838c35c1892e03,Nb3Au2,mp-990241,Yes,0.0,90.5725,13.8294,13.8343,25.9009,1100.0,10000.0,4.89086,100.0,10000.0,339995.0,339959.0,87.9605,88.0171,345468.0,100.0,100000000.0,343551.0,100.0,10000.0,371.322,1200.0,10000.0,371.321,1200.0,10000.0,2383270.0,2383030.0,831514.0,100.0,10000.0,826980.0,100.0,100000000.0,GGA,,,,,,,,
mp-766861,5f8a3e9fbab262f42dde6954,LiVF4,mp-808764,No,2.3351,310.54,751.655,-779.481,1239.34,800.0,10000.0,,,,0.956332,0.138611,0.552449,0.0829854,148.619,100.0,100000000.0,,,,12.9863,200.0,100000000.0,,,,2.41672,0.128381,0.0225598,100.0,10000.0,,,,GGA+U,125.523,11.378,98.2643,266.927,251.677,126.42,230.803,397.809
mp-11596,5f8a3e9f5f7a6814fc2df4d1,PrBPt3,mp-929204,Yes,0.0,84.4165,0.0321599,0.0273224,4.44462,100.0,10000.0,-2.44216,900.0,100000000.0,269068.0,269064.0,0.0084732,0.00895654,284793.0,1300.0,10000.0,284969.0,1300.0,100000000.0,14.661,100.0,10000.0,14.6607,100.0,10000.0,1998800.0,1998920.0,640613.0,100.0,10000000.0,641777.0,100.0,10000.0,GGA,,,,,,,,
mp-631354,5f8a3ea0ac838c35c1892e0c,ReOsRu,mp-869336,Yes,0.0,51.8965,9.70069,9.70077,32.0293,1300.0,10000.0,1.90059,100.0,10000.0,514480.0,514453.0,48.4143,48.4126,524668.0,100.0,100000000.0,524542.0,100.0,10000.0,510.84,1300.0,10000.0,510.839,1300.0,10000.0,3774730.0,3774550.0,1228390.0,100.0,10000.0,1222460.0,100.0,100000000.0,GGA,5.47726e-05,5.47726e-05,5.47726e-05,5.47726e-05,5.47755e-05,5.47755e-05,5.47755e-05,5.47755e-05
mp-30392,5f8a3ea0bab262f42dde695d,Li2InAu,mp-940864,Yes,0.0,70.2687,-1.6113,-1.6067,-1.29006,400.0,10000.0,,,,1081360.0,1081400.0,2.80751,2.79161,1096060.0,100.0,10000.0,,,,77.8176,100.0,100000000.0,,,,7825100.0,7824790.0,2621910.0,100.0,10000000.0,,,,GGA,,,,,,,,
mp-770406,5f8a3ea15f7a6814fc2df4da,Sm2WO6,mp-811542,No,3.7485,508.746,793.005,-736.761,1274.92,1300.0,10000.0,-1266.77,1300.0,10000.0,1.65613,2.90522,1.05136,1.58265,207.077,100.0,100000000.0,439.876,100.0,100000000.0,27.6233,200.0,100000000.0,56.0928,100.0,100000000.0,3.44924,6.99729,0.0248435,100.0,10000.0,0.0584248,100.0,10000.0,GGA+U,18.4787,11.8748,20.5882,22.973,17.487,4.68206,15.4334,32.3455
mp-764256,5f8a3ea1bab262f42dde6966,KLiMnPCO7,mp-800064,No,0.878003,335.917,701.246,-540.136,1098.63,300.0,10000.0,,,,3.23325,23.4611,1.6951,8.49605,486.406,1300.0,10000.0,,,,56.8742,1300.0,10000.0,,,,11.8466,82.1545,0.0741521,100.0,10000.0,,,,GGA+U,14.3545,4.89012,9.54258,28.6309,61.7167,0.404053,71.9724,112.774
mp-607225,5f8a3ea1ac838c35c1892e15,Mn2Ga5,mp-919000,Yes,0.0,215.965,-1.58681,-1.57659,-1.58175,300.0,10000.0,-8.90256,1300.0,10000.0,141410.0,141412.0,0.511613,0.506349,143912.0,100.0,10000.0,145051.0,100.0,100000000.0,21.7844,1300.0,100000000.0,21.8563,1300.0,100000000.0,977144.0,977144.0,350528.0,100.0,10000.0,348299.0,100.0,100000000.0,GGA,,,,,,,,
mp-761310,5f8a3ea25f7a6814fc2df4e3,Mn(AsO2)2,mp-797517,No,1.9688,445.356,839.533,-480.924,1243.59,400.0,10000.0,-1046.62,900.0,10000.0,5.98731,35.4459,2.90119,8.20061,682.426,100.0,100000000.0,3271.56,100.0,100000000.0,67.6455,700.0,100000000.0,531.896,400.0,100000000.0,17.1923,228.476,0.0720283,100.0,10000.0,0.926725,100.0,10000.0,GGA+U,52.1082,1.63518,77.3447,77.3447,0.934036,0.489194,1.15646,1.15646
mp-553926,5f8a3ea2bab262f42dde696f,NaLiB4O7,mp-843692,No,5.7974,501.727,706.714,-436.413,1218.56,1300.0,10000.0,,,,3.44865,43.2678,1.71407,8.24133,491.615,100.0,100000000.0,,,,32.1984,300.0,100000000.0,,,,11.2891,240.324,0.0859786,1200.0,10000.0,,,,GGA,11.1398,5.69509,6.97539,20.749,0.654797,0.589283,0.67868,0.696428
mp-776908,5f8a3ea2ac838c35c1892e1e,RbLiMn3O4,mp-814758,No,0.685999,384.473,580.037,-274.702,976.332,300.0,10000.0,-703.948,400.0,10000.0,13.6027,94.5239,4.27793,7.13157,1455.88,100.0,100000000.0,6862.3,100.0,100000000.0,63.6834,600.0,100000000.0,732.209,1000.0,100000000.0,73.2511,528.994,0.354339,100.0,10000.0,1.61473,100.0,10000.0,GGA+U,3.9236,0.933264,4.65135,6.18619,0.300595,0.264486,0.309071,0.328228
mp-31817,5f8a3ea3bab262f42dde6978,Li2Fe(PO3)4,mp-822639,No,3.9523,488.939,714.972,-378.436,1115.24,1200.0,10000.0,,,,0.360411,49.559,0.18955,7.09817,66.694,100.0,100000000.0,,,,5.23225,100.0,100000000.0,,,,0.268621,305.841,0.000465365,1000.0,10000.0,,,,GGA+U,100.918,52.3218,73.5011,176.931,0.570398,0.528037,0.579158,0.603999
mp-763096,5f8a3ea35f7a6814fc2df4ec,VO2F,mp-799189,No,1.8955,299.82,489.781,-753.522,1056.23,800.0,10000.0,-1185.32,600.0,10000.0,148.507,11.7659,35.693,6.68626,17625.4,100.0,100000000.0,1446.54,100.0,100000000.0,411.932,700.0,100000000.0,72.9939,1100.0,100000000.0,930.109,38.4528,4.44519,100.0,10000.0,0.221931,100.0,10000.0,GGA+U,0.207103,0.130559,0.245375,0.245375,2.43879,2.19654,2.19654,2.92328
mp-720808,5f8a3ea3ac838c35c1892e27,H2Ru6(CO)17,mp-738071,No,1.5764,1323.16,683.991,-741.64,1088.17,500.0,10000.0,-1148.24,500.0,10000.0,0.246251,0.220486,0.110541,0.121114,72.3675,100.0,100000000.0,49.4338,100.0,100000000.0,4.21904,100.0,100000000.0,3.18674,100.0,100000000.0,0.0567184,0.24099,0.000539022,400.0,10000.0,0.00128035,500.0,10000.0,GGA,295.091,48.1805,270.601,566.492,225.288,59.349,264.171,352.345
mp-773220,5f8a3ea4bab262f42dde6981,Li2Fe3SnO8,mp-900623,Yes,0.0,142.815,15.3486,15.339,109.728,1300.0,10000.0,,,,13417.9,13416.9,4.03878,4.03394,14141.2,700.0,100000000.0,,,,142.305,1300.0,10000.0,,,,107206.0,107182.0,32099.0,100.0,10000000.0,,,,GGA+U,,,,,,,,
mp-640553,5f8a3ea45f7a6814fc2df4f5,BaNb2O6,mp-678906,No,1.7859,266.159,668.702,-542.828,1202.41,700.0,10000.0,-1036.08,800.0,10000.0,8.12663,41.8998,4.1466,12.8219,1054.43,100.0,100000000.0,4194.99,200.0,100000000.0,141.93,1300.0,100000000.0,714.105,1300.0,100000000.0,41.3212,201.38,0.219181,100.0,10000.0,0.727497,100.0,10000.0,GGA,16.3741,1.35492,9.93213,37.8354,6.32732,0.313846,0.820765,17.8473
mp-776993,5f8a3ea5ac838c35c1892e30,Ni4P2O9,mp-814763,No,2.63061,712.86,561.572,-591.303,1126.15,1100.0,10000.0,-1097.78,900.0,10000.0,10.9278,5.35398,3.50461,1.93057,1190.17,100.0,100000000.0,845.7,100.0,100000000.0,49.4042,600.0,100000000.0,15.7075,400.0,100000000.0,59.4089,18.4525,0.222209,100.0,10000.0,0.0275145,800.0,10000.0,GGA+U,3.37747,1.90576,2.10377,6.12289,6.29273,3.2653,6.48661,9.12628
